{
    "contrastive_task_loss": true,
    "use_kl_loss": true,
    "multihead_for_reward": false,
    "rew_pred_type": "deterministic",
    "det_rew_decoder": true,
    "det_decoder": true,
    "input_prev_state": true,
    "input_action": true,
    "encoder_layers_before_gru": [
        32,
        32
    ],
    "encoder_layers_after_gru": [
        32,
        32
    ],
    "encoder_gru_hidden_size": 64,
    "reward_embedding_size": 4,
    "num_gru_layers": 2,
    "lr": 0.0003,
    "update_every_n": 2000,
    "batch_size": 64,
    "save_interval": 250,
    "truncate_size": null,
    "norm_actions_post_sampling": true,
    "task_pred_type": "task_description",
    "is_oracle": false,
    "decode_reward": true,
    "decode_task": false,
    "use_decoder": true,
    "state_dim": 8,
    "action_dim": 2,
    "policy_kwargs": null,
    "train_tasks": [
        [
            -3.197145326130879,
            0.8385528413074539
        ],
        [
            4.4579914616968175,
            0.7622463513324973
        ],
        [
            -3.1925766268399736,
            0.708963304923473
        ],
        [
            9.023868268332272,
            0.3829405828206487
        ],
        [
            -1.5838824827403752,
            0.4965988277845337
        ],
        [
            2.374550363313226,
            0.5260126021396327
        ],
        [
            8.678317912727586,
            0.07766526388054307
        ],
        [
            3.7010559813097843,
            0.8334352517975062
        ],
        [
            -7.211400461144681,
            0.9284869639432504
        ],
        [
            6.118607469496329,
            0.5187973970821289
        ],
        [
            5.024884317602565,
            0.1821951435592013
        ],
        [
            4.500404112259511,
            0.4206253388121406
        ],
        [
            5.09790749853485,
            0.47743357000826225
        ],
        [
            2.546305638057609,
            0.4228180789999818
        ],
        [
            -1.8592576201617783,
            0.4194277289144084
        ],
        [
            -2.3181458247894193,
            0.44565431838319913
        ],
        [
            -8.633654514480424,
            0.6193258082593623
        ],
        [
            -5.447029162251724,
            0.1031404574460002
        ],
        [
            -0.059636406452707735,
            0.08254466043036202
        ],
        [
            -7.997086535786211,
            0.10258154485490867
        ],
        [
            -3.301149902127334,
            0.6810836301983272
        ],
        [
            -5.862515119374008,
            0.42520568637412737
        ],
        [
            3.2513561199091634,
            0.6326646852365938
        ],
        [
            2.947451222351072,
            0.894327049119536
        ],
        [
            -2.1138488926885413,
            0.49071544091312413
        ],
        [
            -2.197171465642993,
            0.044631201562853384
        ],
        [
            -6.790061228866058,
            0.7553915514095909
        ],
        [
            -9.315520170354237,
            0.061873507315084564
        ],
        [
            -6.615189979277572,
            0.7189149301298847
        ],
        [
            5.845517116500765,
            0.020895579283747856
        ],
        [
            -0.24887638427590675,
            0.20931569262296357
        ],
        [
            -9.205950120320448,
            0.8521260208423443
        ],
        [
            -5.851697942942398,
            0.8317472038274092
        ],
        [
            0.8192201288636736,
            0.3101005325773054
        ],
        [
            0.8924683403080347,
            0.6941422084599222
        ],
        [
            6.697910241287943,
            0.7334579223675499
        ],
        [
            7.930454693070821,
            0.9097116689572926
        ],
        [
            -5.861397943286962,
            0.14814104980156007
        ],
        [
            -9.846607204760968,
            0.8010776772426116
        ],
        [
            3.244290655944162,
            0.5787752875713816
        ],
        [
            -4.687229012797798,
            0.8264397194785715
        ],
        [
            7.371411134271552,
            0.7854350029395968
        ],
        [
            -6.17597877426496,
            0.9032463579800528
        ],
        [
            4.380310132272025,
            0.7754707753576283
        ],
        [
            -6.453368088472303,
            0.2916130003523426
        ],
        [
            4.573198336750027,
            0.8814578509553108
        ],
        [
            5.845609987654572,
            0.6274257812811215
        ],
        [
            -4.590348906460293,
            0.7226957204971212
        ],
        [
            2.613102539315759,
            0.21639022683921216
        ],
        [
            3.511206721594884,
            0.06874835898157805
        ]
    ],
    "test_tasks": [
        [
            -9.553567974726537,
            0.4732913088848524
        ],
        [
            -1.7998942794433237,
            0.8756301489191044
        ],
        [
            -9.116139673594411,
            0.16838581208413994
        ],
        [
            -5.969087806543838,
            0.5854505641235906
        ],
        [
            3.4290012751228005,
            0.31846731525031047
        ]
    ],
    "latent_dim": 4,
    "reward_decoder_layers": [
        32,
        16
    ],
    "task_decoder_layers": [
        32,
        16
    ],
    "state_embedding_size": 8,
    "action_embedding_size": 2,
    "max_rollouts_per_task": 1,
    "max_episode_length": 500,
    "env_name": "Swimmer_easy",
    "env_register": "Swimmer-v5",
    "total_timesteps": 3000000,
    "task_dim": 2,
    "env_difficulty": "easy",
    "input_prev_action": true,
    "vae_buffer_size": 50,
    "agent_name": "ti",
    "BBE": false
}