{
    "contrastive_task_loss": false,
    "use_kl_loss": true,
    "multihead_for_reward": false,
    "rew_pred_type": "deterministic",
    "det_rew_decoder": true,
    "det_decoder": true,
    "input_prev_state": true,
    "input_action": true,
    "encoder_layers_before_gru": [
        32,
        32
    ],
    "encoder_layers_after_gru": [
        32,
        32
    ],
    "encoder_gru_hidden_size": 64,
    "reward_embedding_size": 4,
    "num_gru_layers": 2,
    "lr": 0.0003,
    "update_every_n": 2000,
    "batch_size": 64,
    "save_interval": 250,
    "truncate_size": null,
    "norm_actions_post_sampling": true,
    "task_pred_type": "task_description",
    "is_oracle": false,
    "decode_reward": true,
    "decode_task": false,
    "use_decoder": true,
    "state_dim": 8,
    "action_dim": 2,
    "policy_kwargs": null,
    "train_tasks": [
        [
            -0.18466820689349905,
            0.8918543190788972
        ],
        [
            -3.811099102268356,
            0.5783927135710327
        ],
        [
            6.136512933108653,
            0.6521585503150046
        ],
        [
            3.562049246323098,
            0.17670633432130578
        ],
        [
            -4.3024668349696515,
            0.956207960595864
        ],
        [
            2.2855299219691094,
            0.11417487227738443
        ],
        [
            7.645877219998529,
            0.4654227667302726
        ],
        [
            1.4265565035672712,
            0.5414900152400766
        ],
        [
            8.060904216589117,
            0.8982288026643656
        ],
        [
            4.614975619298294,
            0.37093911878029395
        ],
        [
            -3.28425870697556,
            0.38567373492014145
        ],
        [
            -1.9429172661536387,
            0.4520886334449098
        ],
        [
            -2.9140745229982623,
            0.29276524788093883
        ],
        [
            5.33520174534456,
            0.544014621000613
        ],
        [
            -5.552500955197841,
            0.5734732239447565
        ],
        [
            4.497070482136001,
            0.8754276183471287
        ],
        [
            -7.135908991654761,
            0.17104491981172287
        ],
        [
            -3.1937672129950623,
            0.8338210592855255
        ],
        [
            -3.811439326054864,
            0.4389217827329859
        ],
        [
            8.172658450997153,
            0.12989845791716137
        ],
        [
            -8.926635346379616,
            0.0733517892484904
        ],
        [
            0.29966351622874754,
            0.8109232726107262
        ],
        [
            -1.626838506833903,
            0.09644170745529868
        ],
        [
            -6.450321194291133,
            0.2747128980849608
        ],
        [
            5.645218576375659,
            0.33817952941852036
        ],
        [
            9.12027338406441,
            0.875993956015286
        ],
        [
            5.786381277617691,
            0.14947595356192644
        ],
        [
            2.1208134239021637,
            0.9662547915217994
        ],
        [
            -6.500892885319656,
            0.0466709292041908
        ],
        [
            -2.284961397081029,
            0.9075003619156412
        ],
        [
            -8.431165610279166,
            0.4740842466746461
        ],
        [
            8.382293470668209,
            0.4955921147912309
        ],
        [
            -2.620718095300092,
            0.7471792324229096
        ],
        [
            -5.990640189555885,
            0.33911920057175615
        ],
        [
            -4.2531737137863,
            0.5961810386214268
        ],
        [
            -1.2916159660274151,
            0.22888773844325971
        ],
        [
            8.650555604430954,
            0.7831187717260353
        ],
        [
            6.663492007582928,
            0.8174148100903096
        ],
        [
            1.7572848029732713,
            0.16869695801381546
        ],
        [
            6.881040147213087,
            0.0668609181015225
        ],
        [
            9.861096125132686,
            0.19603661261944638
        ],
        [
            4.071343453819097,
            0.08327909458078642
        ],
        [
            0.8385678424328535,
            0.04059842700826599
        ],
        [
            3.3713729911959045,
            0.06324759762234311
        ],
        [
            -5.4799599915603325,
            0.43757725111056844
        ],
        [
            1.10431445449106,
            0.15924928995797083
        ],
        [
            -5.434005720240618,
            0.07587857712251789
        ],
        [
            -0.23226971647994032,
            0.8868772172283677
        ],
        [
            -8.070074157028586,
            0.37472319981937063
        ],
        [
            9.143337193039718,
            0.7617120135625426
        ]
    ],
    "test_tasks": [
        [
            5.764400730152978,
            0.7023302916831694
        ],
        [
            9.452535008099211,
            0.3849421852672872
        ],
        [
            -9.612749874854543,
            0.9142947997146503
        ],
        [
            6.841879925982379,
            0.4943847204505679
        ],
        [
            -5.274158231067039,
            0.5005777784450695
        ]
    ],
    "latent_dim": 4,
    "reward_decoder_layers": [
        32,
        16
    ],
    "task_decoder_layers": [
        32,
        16
    ],
    "state_embedding_size": 8,
    "action_embedding_size": 2,
    "max_rollouts_per_task": 1,
    "max_episode_length": 500,
    "env_name": "Swimmer_easy",
    "env_register": "Swimmer-v5",
    "total_timesteps": 3000000,
    "task_dim": 2,
    "env_difficulty": "easy",
    "input_prev_action": true,
    "vae_buffer_size": 50,
    "agent_name": "varibad",
    "BBE": false
}