{
    "contrastive_task_loss": true,
    "use_kl_loss": true,
    "multihead_for_reward": false,
    "rew_pred_type": "deterministic",
    "det_rew_decoder": true,
    "det_decoder": true,
    "input_prev_state": true,
    "input_action": true,
    "encoder_layers_before_gru": [
        32,
        32
    ],
    "encoder_layers_after_gru": [
        32,
        32
    ],
    "encoder_gru_hidden_size": 64,
    "reward_embedding_size": 4,
    "num_gru_layers": 2,
    "lr": 0.0003,
    "update_every_n": 2000,
    "batch_size": 64,
    "save_interval": 250,
    "truncate_size": null,
    "norm_actions_post_sampling": true,
    "task_pred_type": "task_description",
    "is_oracle": false,
    "decode_reward": true,
    "decode_task": false,
    "use_decoder": true,
    "state_dim": 8,
    "action_dim": 2,
    "policy_kwargs": null,
    "train_tasks": [
        [
            -3.7714365413164574,
            0.18206575499479194
        ],
        [
            -5.459001160402339,
            0.5626418560654943
        ],
        [
            6.519322015425127,
            0.9987363180953942
        ],
        [
            -9.187405401802437,
            0.5789696368568124
        ],
        [
            -5.991894625955158,
            0.49538940970464984
        ],
        [
            8.838018299034454,
            0.7208817638553656
        ],
        [
            -2.3989170692153428,
            0.8713795759516594
        ],
        [
            -1.9544452606595364,
            0.7229486331073978
        ],
        [
            2.8656771234083767,
            0.9004574945662837
        ],
        [
            2.318978409218897,
            0.9316166477982735
        ],
        [
            9.937267675927187,
            0.024808367742860882
        ],
        [
            -2.0651769492562355,
            0.3287636999023912
        ],
        [
            -0.7146970497151184,
            0.03888870141616796
        ],
        [
            8.24966453866313,
            0.4965260890825598
        ],
        [
            4.674330537762634,
            0.6630006747855115
        ],
        [
            -4.347230761105239,
            0.9507200605146346
        ],
        [
            -8.633803039994984,
            0.06634723826413147
        ],
        [
            -2.025717640379887,
            0.13013776893619977
        ],
        [
            7.803444282239004,
            0.22989288811806807
        ],
        [
            8.835014592069488,
            0.7910277109065975
        ],
        [
            -3.1696879097209263,
            0.4961912722982399
        ],
        [
            4.803932560150834,
            0.8628442189344353
        ],
        [
            -1.8283666058303472,
            0.6482544025502431
        ],
        [
            4.112060540716904,
            0.7236519617440627
        ],
        [
            9.21795202967356,
            0.7083395569385644
        ],
        [
            -2.0436210516272846,
            0.03453060677129205
        ],
        [
            -1.684805467319308,
            0.3826838876150891
        ],
        [
            7.427727220959676,
            0.3463113045293177
        ],
        [
            -6.186210013509077,
            0.08920830629168341
        ],
        [
            7.292029963537754,
            0.34886496048910387
        ],
        [
            -6.756709763673021,
            0.422834169120642
        ],
        [
            -4.687751082596689,
            0.5044234060214936
        ],
        [
            -2.94409332654201,
            0.525930753168388
        ],
        [
            3.569347073006399,
            0.8213374472839612
        ],
        [
            -9.372184084969884,
            0.7351345999689567
        ],
        [
            -8.760333135524416,
            0.729106616393401
        ],
        [
            4.508883664400029,
            0.9753641679235422
        ],
        [
            -5.313419775578967,
            0.7143535132390899
        ],
        [
            6.892545536922141,
            0.30015684127981124
        ],
        [
            -1.917329021919827,
            0.866227661219782
        ],
        [
            -8.83553170153229,
            0.14946935724886168
        ],
        [
            -5.20447169470196,
            0.03642680909293672
        ],
        [
            -1.0630783140001276,
            0.00741158978613532
        ],
        [
            9.248893755512594,
            0.11268245925671783
        ],
        [
            1.805000349530821,
            0.69741011748238
        ],
        [
            6.008850334358242,
            0.36517209480780544
        ],
        [
            -5.56796483286361,
            0.005531869323861849
        ],
        [
            3.804988967052092,
            0.8739872388354034
        ],
        [
            8.149435003910565,
            0.6475622307376872
        ],
        [
            -9.301303473348437,
            0.06916738742776307
        ]
    ],
    "test_tasks": [
        [
            7.441956245706349,
            0.7508791266540082
        ],
        [
            7.192624970787422,
            0.10950686500878015
        ],
        [
            3.53028197741871,
            0.9610054270646331
        ],
        [
            -8.64125202746023,
            0.7687677312605722
        ],
        [
            4.463037437578099,
            0.6137596518989284
        ]
    ],
    "latent_dim": 4,
    "reward_decoder_layers": [
        32,
        16
    ],
    "task_decoder_layers": [
        32,
        16
    ],
    "state_embedding_size": 8,
    "action_embedding_size": 2,
    "max_rollouts_per_task": 1,
    "max_episode_length": 500,
    "env_name": "Swimmer_easy",
    "env_register": "Swimmer-v5",
    "total_timesteps": 3000000,
    "task_dim": 2,
    "env_difficulty": "easy",
    "input_prev_action": true,
    "vae_buffer_size": 50,
    "agent_name": "ti",
    "BBE": false
}