{
    "contrastive_task_loss": true,
    "use_kl_loss": true,
    "multihead_for_reward": false,
    "rew_pred_type": "deterministic",
    "det_rew_decoder": true,
    "det_decoder": true,
    "input_prev_state": true,
    "input_action": true,
    "encoder_layers_before_gru": [
        32,
        32
    ],
    "encoder_layers_after_gru": [
        32,
        32
    ],
    "encoder_gru_hidden_size": 64,
    "reward_embedding_size": 4,
    "num_gru_layers": 2,
    "lr": 0.0003,
    "update_every_n": 2000,
    "batch_size": 64,
    "save_interval": 250,
    "truncate_size": null,
    "norm_actions_post_sampling": true,
    "task_pred_type": "task_description",
    "is_oracle": false,
    "decode_reward": true,
    "decode_task": false,
    "use_decoder": true,
    "state_dim": 8,
    "action_dim": 2,
    "policy_kwargs": null,
    "train_tasks": [
        [
            3.249509267646149,
            0.11039349543289267
        ],
        [
            -8.587846416923565,
            0.5062735545322271
        ],
        [
            -6.330817512624812,
            0.3709476440787651
        ],
        [
            0.6117751659825021,
            0.40196646281559767
        ],
        [
            3.52826243890626,
            0.34272095769575894
        ],
        [
            1.2835498281664526,
            0.7660091281272607
        ],
        [
            8.637700586301076,
            0.9785779511294157
        ],
        [
            -5.437285066446476,
            0.23522988887672724
        ],
        [
            -4.28101921430507,
            0.5280762720309378
        ],
        [
            -8.644087911583735,
            0.28717495704709384
        ],
        [
            -1.2513084895419024,
            0.28642090096506134
        ],
        [
            1.9427985316605234,
            0.9345703212910489
        ],
        [
            -5.9380921204754555,
            0.817613886941626
        ],
        [
            -6.983055485091736,
            0.9146204562177602
        ],
        [
            4.599261359786675,
            0.008219988030284675
        ],
        [
            -4.735258761678816,
            0.36750021482620443
        ],
        [
            -2.483061351151261,
            0.5457580438667697
        ],
        [
            -1.9337884360509827,
            0.9303923997109249
        ],
        [
            6.588710278260472,
            0.2285944331327887
        ],
        [
            8.555586307899656,
            0.3463916175017915
        ],
        [
            7.816433957085806,
            0.8877996698431789
        ],
        [
            -5.674739606447914,
            0.12995168254893796
        ],
        [
            -5.730210191072973,
            0.26356998040790647
        ],
        [
            6.366223190205849,
            0.6489198022566551
        ],
        [
            1.5601366838089081,
            0.866099747315092
        ],
        [
            3.406158115756308,
            0.30610869826025333
        ],
        [
            -3.1584184815361738,
            0.8438200802939831
        ],
        [
            -5.523461789399113,
            0.7818950503230698
        ],
        [
            -3.908583529997538,
            0.2970176700995737
        ],
        [
            2.6588686912183546,
            0.7413213384720868
        ],
        [
            -7.448675305515531,
            0.379404854824554
        ],
        [
            -6.105002235752737,
            0.9728851463596024
        ],
        [
            5.128265331260156,
            0.33623496287274235
        ],
        [
            -2.1532382561085694,
            0.19890722856986143
        ],
        [
            -2.955887340315242,
            0.6929178744379312
        ],
        [
            1.9921335832594989,
            0.33657405607499946
        ],
        [
            -4.052369673961442,
            0.4994653197820761
        ],
        [
            2.1823897869146447,
            0.8469771426732576
        ],
        [
            7.807577101956687,
            0.9519236762874747
        ],
        [
            7.496344024062605,
            0.8419214610232731
        ],
        [
            -9.72208717830718,
            0.9308102280304706
        ],
        [
            -9.121680161690435,
            0.5034260485428187
        ],
        [
            2.4615285990723823,
            0.49868177945710856
        ],
        [
            -4.469063514870653,
            0.19952178885407368
        ],
        [
            -3.8035854573002603,
            0.3941463199826538
        ],
        [
            -4.264869983743855,
            0.2078606150732204
        ],
        [
            3.1678143828457928,
            0.21057718959298544
        ],
        [
            6.809196865028062,
            0.9594467687476367
        ],
        [
            2.2751215518537116,
            0.7553131283994856
        ],
        [
            0.12490300386325925,
            0.7395080434622321
        ]
    ],
    "test_tasks": [
        [
            8.686040477046992,
            0.6190316371339454
        ],
        [
            -8.744574578961323,
            0.9271310064336635
        ],
        [
            -0.10242355454540775,
            0.709370165894835
        ],
        [
            6.720752722020564,
            0.7949152413863844
        ],
        [
            -8.779756086297226,
            0.6379571211698092
        ]
    ],
    "latent_dim": 4,
    "reward_decoder_layers": [
        32,
        16
    ],
    "task_decoder_layers": [
        32,
        16
    ],
    "state_embedding_size": 8,
    "action_embedding_size": 2,
    "max_rollouts_per_task": 1,
    "max_episode_length": 500,
    "env_name": "Swimmer_easy",
    "env_register": "Swimmer-v5",
    "total_timesteps": 3000000,
    "task_dim": 2,
    "env_difficulty": "easy",
    "input_prev_action": true,
    "vae_buffer_size": 50,
    "agent_name": "ti",
    "BBE": false
}