{
    "contrastive_task_loss": false,
    "use_kl_loss": true,
    "multihead_for_reward": false,
    "rew_pred_type": "deterministic",
    "det_rew_decoder": true,
    "det_decoder": true,
    "input_prev_state": true,
    "input_action": true,
    "encoder_layers_before_gru": [
        32,
        32
    ],
    "encoder_layers_after_gru": [
        32,
        32
    ],
    "encoder_gru_hidden_size": 64,
    "reward_embedding_size": 4,
    "num_gru_layers": 2,
    "lr": 0.0003,
    "update_every_n": 2000,
    "batch_size": 64,
    "save_interval": 250,
    "truncate_size": null,
    "norm_actions_post_sampling": true,
    "task_pred_type": "task_description",
    "is_oracle": false,
    "decode_reward": true,
    "decode_task": false,
    "use_decoder": true,
    "state_dim": 8,
    "action_dim": 2,
    "policy_kwargs": null,
    "train_tasks": [
        [
            -6.063686650383708,
            0.3799374019118603
        ],
        [
            -5.4765295956822,
            0.16965181983140254
        ],
        [
            -0.6736249274766792,
            0.2796697614940571
        ],
        [
            0.8024541037852106,
            0.01566840466137409
        ],
        [
            -9.884462520436259,
            0.15016764253447967
        ],
        [
            -4.174502940181959,
            0.6075443757390934
        ],
        [
            9.612650549917062,
            0.5731736065418941
        ],
        [
            9.88169368565452,
            0.7569735171191071
        ],
        [
            -9.137170974106212,
            0.6343921100466438
        ],
        [
            9.375711315948534,
            0.8755087810707124
        ],
        [
            -2.1202774082386755,
            0.7568471750612284
        ],
        [
            -3.6024220781164296,
            0.29617404050695506
        ],
        [
            -8.522195611407277,
            0.06944922771552653
        ],
        [
            0.40469142116516865,
            0.7415309381471258
        ],
        [
            3.2791690556891884,
            0.3718091915111774
        ],
        [
            -3.2767310449450804,
            0.26901855387037776
        ],
        [
            -8.727444639178241,
            0.8226110595711708
        ],
        [
            6.760307110336901,
            0.9369710050898505
        ],
        [
            9.395001905467588,
            0.5071981234098819
        ],
        [
            2.5873345689052463,
            0.6514523049254357
        ],
        [
            8.554261529131775,
            0.4182769054598694
        ],
        [
            0.19430615625444014,
            0.2440018663058231
        ],
        [
            5.7606165263618125,
            0.7920533513608824
        ],
        [
            7.430351915403901,
            0.6623225216882103
        ],
        [
            -9.23047529785146,
            0.8217234114940682
        ],
        [
            -3.3319062628432228,
            0.4633777805381665
        ],
        [
            2.807181993943162,
            0.7607208154299474
        ],
        [
            6.2427527232218605,
            0.23960711013025482
        ],
        [
            4.471456991663592,
            0.6096253429839138
        ],
        [
            -3.550287765612141,
            0.3523604674343468
        ],
        [
            4.343816858409834,
            0.3966530623356256
        ],
        [
            4.7975109335145705,
            0.6560224398155903
        ],
        [
            1.3289840479216375,
            0.7934508757519917
        ],
        [
            -7.176443551197185,
            0.16540121594270085
        ],
        [
            4.430610122150309,
            0.3849480874532085
        ],
        [
            6.229264065888649,
            0.04859701725449872
        ],
        [
            -6.328339619636316,
            0.5263513388029076
        ],
        [
            9.022462578820916,
            0.7729243955394629
        ],
        [
            -8.981524039101028,
            0.20555347867760176
        ],
        [
            8.719170729579567,
            0.9326647649852932
        ],
        [
            -3.241461658060596,
            0.30830399318351354
        ],
        [
            -4.106161874885643,
            0.3898060072964804
        ],
        [
            -7.251349980021424,
            0.5463364175083695
        ],
        [
            -5.431360644564663,
            0.7692672118041322
        ],
        [
            -1.2630972514839955,
            0.07663375795696714
        ],
        [
            -3.9390711361982333,
            0.0763416827675295
        ],
        [
            -3.992815321814851,
            0.8818648689417009
        ],
        [
            2.9001443241346125,
            0.993219847683514
        ],
        [
            -8.247387255304723,
            0.7339186321467958
        ],
        [
            1.9395075280616925,
            0.25026203917690926
        ]
    ],
    "test_tasks": [
        [
            0.8136920336798847,
            0.4709824619312015
        ],
        [
            -3.5607768376423388,
            0.5164566551535705
        ],
        [
            -0.9909155559489458,
            0.18877233434224117
        ],
        [
            5.283343427700109,
            0.6459156011735542
        ],
        [
            4.919426588030933,
            0.645774973540377
        ]
    ],
    "latent_dim": 4,
    "reward_decoder_layers": [
        32,
        16
    ],
    "task_decoder_layers": [
        32,
        16
    ],
    "state_embedding_size": 8,
    "action_embedding_size": 2,
    "max_rollouts_per_task": 1,
    "max_episode_length": 500,
    "env_name": "Swimmer_easy",
    "env_register": "Swimmer-v5",
    "total_timesteps": 3000000,
    "task_dim": 2,
    "env_difficulty": "easy",
    "input_prev_action": true,
    "vae_buffer_size": 50,
    "agent_name": "varibad",
    "BBE": false
}